Speciations,Burden,class,VoltageFactor,BDVOil,PrimarytoSecondary,PrimarytoEarth,SecondarytoEarth,Ratio100Error120,Ratio100Error100,Ratio100Error80,Phase100Error120,Phase100Error100,Phase100Error80
33,50,0.2,1.2/1.5,30,2000,900,900,-0.0839,-0.0594,-0.0524,-0.11,-0.69,-0.86
33,50,0.2,1.2/1.5,30,2000,700,800,-0.0256,-0.012,-0.007,-0.1,-0.43,-0.53
33,50,0.2,1.2/1.5,30,2000,750,750,-0.045,-0.0595,-0.0661,-0.16,0.53,0.27
33,50,0.2,1.2/1.5,30,2000,950,980,-0.153,-0.146,-0.144,-0.47,-0.57,-0.58
33,50,0.2,1.2/1.5,40,2000,800,750,-0.0385,-0.0327,-0.0315,-0.326,-0.022,-0.022
33,50,0.2,1.2/1.5,30,2000,750,900,-0.0588,-0.0452,-0.038,0.1,-0.27,-0.47
33,50,0.2,1.2/1.5,30,2000,700,800,-0.0535,-0.045,-0.0415,-0.29,-0.5,-0.56
33,50,0.2,1.2/1.5,30,2000,900,800,-0.05,-0.0403,-0.0366,0.08,-0.23,-0.33
33,50,0.2,1.2/1.5,33,2000,800,700,-0.0441,-0.0364,-0.0341,0.51,0.2,0.14
33,50,0.2,1.2/1.5,33,1000,700,550,-0.0506,-0.046,-0.0424,0.66,0.47,0.36
33,50,0.2,1.2/1.5,33,1500,750,800,-0.0406,-0.0337,-0.0286,0.14,-0.12,-0.27
33,50,0.2,1.2/1.5,30,2000,800,900,-0.0594,-0.0502,-0.0441,-0.43,-0.5,-0.8
33,50,0.2,1.2/1.5,33,1000,800,700,-0.049,-0.0396,-0.0362,0.03,-0.2,-0.34
33,50,0.2,1.2/1.5,38,2000,1000,900,-0.0577,-0.046,-0.0413,0.38,0.01,-0.19
33,50,0.2,1.2/1.5,33,900,750,750,-0.0395,-0.0373,-0.0361,0.49,0.28,0.2
33,50,0.2,1.2/1.5,38,2000,1000,800,-0.0463,-0.0391,-0.036,0.05,-0.2,-0.32
33,50,0.2,1.2/1.5,38,2000,750,550,-0.0466,-0.0369,-0.0329,0.09,-0.24,-0.36
33,50,0.2,1.2/1.5,38,2000,1000,550,-0.0493,-0.0428,-0.0397,-0.33,-0.52,-0.62
33,50,0.2,1.2/1.5,38,2000,1000,500,-0.065,-0.0554,-0.051,0.08,-0.21,-0.36
33,50,0.2,1.2/1.5,38,2000,900,1000,-0.0603,-0.0504,-0.0452,0.02,-0.32,-0.5
33,50,0.2,1.2/1.5,38,2000,1000,750,-0.0338,-0.0291,-0.0281,0.16,-0.08,-0.21
33,50,0.2,1.2/1.5,38,2000,1000,750,-0.064,-0.0559,-0.052,-0.16,-0.38,-0.49
33,50,0.2,1.2/1.5,33,2000,750,750,-0.0483,-0.0428,-0.0392,0.46,0.24,0.17
33,50,0.2,1.2/1.5,33,1000,800,800,-0.048,-0.0351,-0.0304,0.36,0.02,-0.13
33,50,0.2,1.2/1.5,38,1500,800,800,-0.039,-0.0303,-0.0268,0.44,0.16,-0.01
33,50,0.2,1.2/1.5,33,2000,500,700,-0.0317,-0.0224,-0.0187,0.07,-0.21,-0.34
33,50,0.2,1.2/1.5,33,1100,800,800,-0.0371,-0.026,-0.0233,0.45,0.1,-0.04
33,50,0.2,1.2/1.5,33,1000,800,700,-0.0575,-0.0495,-0.0449,0.51,0.28,0.15
33,50,0.2,1.2/1.5,44,200,550,500,-0.0475,-0.0421,-0.0367,0.26,0.07,-0.06
33,50,0.2,1.2/1.5,44,1000,500,750,-0.0931,-0.0874,-0.0843,-1.74,-1.92,-2.07
33,50,0.2,1.2/1.5,70,1000,1000,200,-0.0148,-0.0086,-0.0061,-0.07,-0.83,-0.88
33,50,0.2,1.2/1.5,70,1000,1000,200,-0.0441,-0.0378,-0.0336,-0.31,-0.52,-0.61
33,50,0.2,1.2/1.5,70,1000,1000,200,-0.0365,-0.0302,-0.0276,-0.28,-0.44,-0.51
33,50,0.2,1.2/1.5,70,1000,1000,200,-0.138,-0.109,-0.103,4.35,2.9,2.58
33,50,0.2,1.2/1.5,70,1000,1000,200,-0.0594,-0.0499,-0.0444,-1.0,-1.22,-1.36
33,50,0.2,1.2/1.5,70,1000,1000,200,-0.0973,-0.0612,-0.0535,3.81,2.2,1.7
33,50,0.2,1.2/1.5,70,1000,1000,200,-0.0486,-0.0434,-0.0408,-0.37,-0.5,-0.57
33,50,0.2,1.2/1.5,70,1000,1000,200,-0.0477,-0.0408,-0.0377,-0.66,-0.84,-0.91
11,100,0.5,1.2/1.5,28,1000,1000,200,-0.295,-0.165,-0.168,12.6,7.99,5.49
11,100,0.5,1.2/1.5,28,1000,1000,200,-0.291,-0.181,-0.133,12.82,7.18,5.05
11,100,0.5,1.2/1.5,28,1000,1000,200,-0.262,-0.121,-0.144,10.11,6.34,5.88
11,100,0.5,1.2/1.5,28,1000,1000,200,-0.284,-0.191,-0.142,9.07,6.55,4.06
11,100,0.5,1.2/1.5,28,1000,1000,200,-0.453,-0.327,-0.374,10.85,6.28,4.65
11,100,0.5,1.2/1.5,28,1000,1000,200,-0.398,-0.244,-0.162,15.05,9.92,6.82
11,100,0.5,1.2/1.5,28,1000,1000,200,-0.275,-0.117,-0.129,11.17,10.73,6.02
11,100,0.5,1.2/1.5,28,1000,1000,200,-0.215,-0.1,-0.16,11.43,7.19,5.22
11,100,0.5,1.2/1.5,28,1000,1000,200,-0.375,-0.15,-0.138,12.11,7.42,5.03
11,100,0.5,1.2/1.5,28,1000,1000,200,-0.252,-0.11,-0.134,11.86,7.33,6.59
11,100,0.5,1.2/1.5,28,1000,1000,200,-0.282,-0.173,-0.18,10.21,6.17,4.1
11,100,0.5,1.2/1.5,28,1000,1000,200,-0.258,-0.159,0.125,10.95,7.01,5.56
33,100,0.5,1.2/1.5,70,1000,1000,200,-0.188,-0.172,-0.135,10.93,8.95,7.6
33,100,0.5,1.2/1.5,70,1000,1000,200,-0.17,-0.154,-0.141,10.93,8.56,8.4
33,100,0.5,1.2/1.5,70,1000,1000,200,-0.193,-0.187,-0.181,3.6,3.01,2.74
33,100,0.5,1.2/1.5,70,1000,1000,200,-0.195,-0.189,-0.188,3.2,3.56,2.36
33,100,0.5,1.2/1.5,70,1000,1000,200,-0.199,-0.195,-0.194,2.93,2.55,2.36
33,100,0.5,1.2/1.5,70,1000,1000,200,-0.178,-0.175,-0.176,2.51,2.26,2.22
33,100,0.5,1.2/1.5,70,1000,1000,200,-0.197,-0.186,-0.183,3.76,2.85,2.58
33,100,0.5,1.2/1.5,70,1000,1000,200,-0.175,-0.158,-0.154,2.79,2.46,2.22
33,100,0.5,1.2/1.5,70,1000,1000,200,-0.191,-0.176,-0.171,3.82,3.94,2.64
33,100,0.5,1.2/1.5,70,1000,1000,200,-0.167,-0.16,-0.158,2.44,2.22,2.0
33,100,0.5,1.2/1.5,70,1000,1000,200,-0.107,-0.1,-0.198,3.8,3.33,3.12
33,100,0.5,1.2/1.5,70,1000,1000,200,-0.185,-0.177,-0.134,4.24,3.56,3.29
33,100,0.5,1.2/1.5,70,1000,1000,200,-0.169,-0.164,-0.161,3.0,2.67,2.59
33,100,0.5,1.2/1.5,70,1000,1000,200,-0.181,-0.137,-0.108,2.65,2.38,2.18
33,100,0.5,1.2/1.5,70,1000,1000,200,-0.176,-0.171,-0.166,3.13,2.82,3.6
33,100,0.5,1.2/1.5,70,1000,1000,200,-0.174,-0.122,-0.191,2.95,2.83,2.9
33,100,0.5,1.2/1.5,70,1000,1000,200,-0.193,-0.188,-0.184,3.65,3.3,3.12
33,100,0.5,1.2/1.5,70,1000,1000,200,-0.182,-0.131,-0.126,3.97,3.13,2.72
33,100,0.5,1.2/1.5,70,1000,1000,200,-0.175,-0.166,-0.163,2.4,1.95,1.17
33,100,0.5,1.2/1.5,70,1000,1000,200,-0.209,-0.208,-0.211,2.9,2.66,2.71
33,100,0.5,1.2/1.5,70,1000,1000,200,-0.161,-0.152,-0.141,2.91,2.41,2.15
33,100,0.5,1.2/1.5,70,1000,1000,200,-0.189,-0.187,-0.179,3.44,3.04,2.51
33,100,0.5,1.2/1.5,70,1000,1000,200,-0.193,-0.182,-0.182,3.03,1.58,2.37
33,100,0.5,1.2/1.5,70,1000,1000,200,-0.191,-0.175,-0.17,3.27,2.62,2.3
33,50,0.2,1.2/1.5,70,2000,1000,500,-0.0977,-0.0764,-0.0715,3.2,2.11,1.84
33,50,0.2,1.2/1.5,70,1000,1000,500,-0.0575,-0.0507,-0.0477,-0.4,-0.56,-0.63
33,50,0.2,1.2/1.5,70,1000,1000,500,-0.0253,-0.0192,-0.017,-0.12,-0.27,-0.3
33,50,0.2,1.2/1.5,70,1000,1000,500,-0.0473,-0.0375,-0.328,0.12,-0.19,-0.33
33,50,0.2,1.2/1.5,70,1000,1000,500,-0.0875,-0.0607,-0.0377,-0.2,-0.36,-0.03
33,50,0.2,1.2/1.5,70,1000,1000,500,-0.0653,-0.0482,-0.027,-0.22,-0.09,-0.3
33,50,0.2,1.2/1.5,70,1000,1000,500,-0.0973,-0.0775,-0.0428,0.82,-0.59,-0.63
33,50,0.2,1.2/1.5,70,1000,1000,200,-0.0225,-0.0175,-0.0149,-0.61,-0.75,-0.81
33,50,0.2,1.2/1.5,70,1000,1000,200,-0.0338,-0.027,-0.0237,-0.56,-0.72,-0.81
33,50,0.2,1.2/1.5,70,1000,1000,200,-0.0259,-0.0192,-0.0164,-0.51,-0.69,-0.75
33,50,0.2,1.2/1.5,70,1000,1000,200,-0.0324,-0.0261,-0.0231,-0.54,-0.72,-0.79
33,50,0.2,1.2/1.5,70,1000,1000,200,-0.0265,-0.0214,-0.0184,-0.57,-0.71,-0.79
33,50,0.2,1.2/1.5,70,1000,1000,200,-0.0317,-0.0244,-0.0212,-0.81,-0.99,-0.91
33,50,0.2,1.2/1.5,70,1000,1000,200,-0.0509,-0.0402,-0.0352,-0.32,-0.6,0.72
33,50,0.2,1.2/1.5,70,1000,1000,200,-0.063,-0.0512,-0.0476,-0.58,-0.48,-0.93
33,50,0.2,1.2/1.5,70,1000,1000,200,-0.0463,-0.0393,-0.0361,-0.45,-0.64,-0.71
33,50,0.2,1.2/1.5,70,1000,1000,200,-0.0575,-0.0507,-0.0477,-0.4,-0.56,-0.63
33,50,0.2,1.2/1.5,70,1000,1000,200,-0.0253,-0.0192,-0.017,-0.12,-0.27,-0.3
33,50,0.2,1.2/1.5,70,1000,1000,200,-0.0473,-0.0375,-0.0328,0.12,-0.19,-0.33
33,50,0.2,1.2/1.5,70,1000,1000,200,-0.0509,-0.0402,-0.0352,-0.32,-0.6,0.72
33,50,0.2,1.2/1.5,70,1000,1000,200,-0.63,-0.0512,-0.0476,-0.58,-0.48,-0.93
33,50,0.2,1.2/1.5,70,1000,1000,200,-0.0436,-0.0393,-0.0361,-0.45,-0.64,-0.71
33,50,0.2,1.2/1.5,70,1000,1000,200,-0.0338,-0.0273,-0.0242,-0.56,-0.7,-0.78
33,50,0.2,1.2/1.5,70,1000,1000,200,-0.0397,-0.0312,-0.0273,-0.38,-0.61,-0.72
33,50,0.2,1.2/1.5,70,1000,1000,200,-0.0382,-0.0303,-0.0274,-0.57,-0.77,-0.84
33,50,0.2,1.2/1.5,70,1000,1000,200,-0.0363,-0.0299,-0.0266,-0.63,-0.81,-0.91
33,50,0.2,1.2/1.5,70,1000,1000,200,-0.0402,-0.0308,-0.026,-0.1,-0.35,-0.48
33,50,0.2,1.2/1.5,70,1000,1000,200,-0.0358,-0.027,-0.023,-0.32,-0.6,-0.7
33,50,0.2,1.2/1.5,70,2000,1000,500,-0.0977,-0.0764,-0.0715,3.2,2.11,1.84
33,50,0.2,1.2/1.5,70,1000,1000,200,-0.0639,-0.0534,-0.0442,0.59,-0.38,-0.6
33,50,0.2,1.2/1.5,70,1000,1000,200,-0.0325,-0.0312,-0.0304,-0.19,-0.36,-0.39
33,50,0.2,1.2/1.5,70,1000,1000,200,-0.0832,-0.0622,-0.0502,1.25,0.49,0.0
33,50,0.2,1.2/1.5,70,1000,1000,200,-0.0957,-0.0526,-0.0434,1.13,-0.06,-0.51
33,50,0.2,1.2/1.5,70,1000,1000,200,-0.0476,-0.0418,-0.0412,-0.11,-0.52,-0.6
33,50,0.2,1.2/1.5,70,1000,1000,200,-0.0223,-0.0172,-0.0084,-0.09,-0.14,-0.17
33,50,0.2,1.2/1.5,70,1000,1000,200,-0.0317,-0.0221,-0.0172,0.07,-0.17,-0.3
33,50,0.2,1.2/1.5,70,1000,1000,200,-0.0442,-0.0384,-0.0335,-0.48,-0.6,-0.74
33,50,0.2,1.2/1.5,70,1000,1000,200,-0.0516,-0.0431,-0.0385,-0.12,-0.36,-0.48
33,50,0.2,1.2/1.5,70,1000,1000,200,-0.042,-0.034,-0.03,-0.16,-0.36,-0.47
33,50,0.2,1.2/1.5,70,1000,1000,200,-0.0585,-0.0489,-0.046,0.22,-0.1,-0.21
33,50,0.2,1.2/1.5,70,1000,1000,200,-0.0409,-0.0319,-0.0282,-0.25,-0.47,-0.53
33,50,0.2,1.2/1.5,70,1000,1000,200,-0.0748,-0.0612,-0.053,-0.08,-0.43,-0.67
33,50,0.2,1.2/1.5,70,1000,1000,200,-0.0745,-0.0554,-0.0454,0.29,-0.26,-0.56
33,50,0.2,1.2/1.5,70,1000,1000,200,-0.08,-0.0505,-0.0403,0.53,-0.25,-0.54
33,50,0.2,1.2/1.5,70,1000,1000,200,-0.126,-0.0842,-0.0629,1.18,0.5,-0.47
33,50,0.2,1.2/1.5,70,1000,1000,200,-0.111,-0.0672,-0.047,0.5,-0.48,-0.94
33,50,0.2,1.2/1.5,70,1000,1000,200,-0.129,-0.0643,-0.0424,1.03,-0.37,-0.9
33,50,0.2,1.2/1.5,70,1000,1000,200,-0.187,-0.106,-0.079,2.53,0.41,-0.33
33,50,0.2,1.2/1.5,70,1000,1000,200,-0.0753,-0.0549,-0.0436,0.23,-0.26,-0.56
33,50,0.2,1.2/1.5,70,1000,1000,200,-0.181,-0.0824,-0.0622,6.48,1.71,0.76
33,50,0.2,1.2/1.5,70,1000,1000,200,-0.181,-0.126,-0.109,4.66,1.17,0.95
33,50,0.2,1.2/1.5,70,1000,1000,200,-0.0878,-0.069,-0.0597,0.09,-0.41,-0.65
33,50,0.2,1.2/1.5,70,1000,1000,200,-0.108,-0.0913,-0.0829,-1.46,-1.84,-2.11
33,50,0.2,1.2/1.5,70,2000,1000,500,-0.0847,-0.0632,-0.0602,3.67,2.6,2.41
33,50,0.2,1.2/1.5,70,2000,1000,500,-0.0854,-0.0609,-0.0557,4.39,3.11,2.77
33,50,0.2,1.2/1.5,70,2000,1000,500,-0.0843,-0.0503,-0.041,5.39,3.3,2.75
33,50,0.2,1.2/1.5,70,2000,1000,500,-0.14,-0.107,-0.0988,5.62,3.67,3.18
33,50,0.2,1.2/1.5,70,2000,1000,500,-0.0985,-0.0742,0.0685,4.11,2.95,2.64
33,50,0.2,1.2/1.5,70,2000,1000,500,-0.0623,-0.0411,-0.0367,3.5,2.5,2.26
33,50,0.2,1.2/1.5,70,1000,1000,200,-0.0338,-0.0273,-0.0242,-0.56,-0.7,-0.78
33,50,0.2,1.2/1.5,70,1000,1000,200,-0.0397,-0.0312,-0.0273,-0.38,-0.61,-0.72
33,50,0.2,1.2/1.5,70,1000,1000,200,-0.0382,-0.0303,-0.0274,-0.57,-0.77,-0.84
33,50,0.2,1.2/1.5,70,1000,1000,200,-0.0363,-0.0299,-0.0266,-0.63,-0.81,-0.91
33,50,0.2,1.2/1.5,70,1000,1000,200,-0.0402,-0.0308,-0.026,-0.1,-0.35,-0.48
33,50,0.2,1.2/1.5,70,1000,1000,200,-0.0358,-0.027,-0.023,-0.32,-0.6,-0.7
33,50,0.2,1.2/1.5,70,1000,1000,500,-0.134,-0.111,-0.106,3.9,2.55,2.24
33,50,0.2,1.2/1.5,70,1000,1000,500,-0.176,-0.147,-0.138,3.97,2.57,2.15
33,50,0.2,1.2/1.5,70,1000,1000,500,-0.183,-0.121,-0.106,6.35,3.28,2.6
33,50,0.2,1.2/1.5,70,1000,1000,500,-0.0855,-0.0591,-0.0513,3.91,2.59,2.19
33,50,0.2,1.2/1.5,70,1000,1000,500,-0.0796,-0.0617,-0.0564,3.19,2.3,2.05
33,50,0.2,1.2/1.5,70,1000,1000,500,-0.0757,-0.0537,-0.0483,3.85,2.55,2.24
33,50,0.2,1.2/1.5,70,1000,1000,200,-0.14,-0.107,-0.0988,5.62,3.67,3.18
33,50,0.2,1.2/1.5,70,1000,1000,200,-0.0985,-0.0742,0.0685,4.11,2.95,2.64
33,50,0.2,1.2/1.5,70,1000,1000,200,-0.0623,-0.0411,-0.0367,3.5,2.5,2.26
33,50,0.2,1.2/1.5,70,1000,1000,200,-0.0847,-0.0632,-0.0602,3.67,2.6,2.41
33,50,0.2,1.2/1.5,70,1000,1000,200,-0.0854,-0.0609,-0.0557,4.39,3.11,2.77
33,50,0.2,1.2/1.5,70,1000,1000,200,-0.0843,-0.0503,-0.041,5.39,3.3,2.75
33,50,0.2,1.2/1.5,70,1000,1000,500,-0.0847,-0.0632,-0.0602,3.67,2.6,2.41
33,50,0.2,1.2/1.5,70,1000,1000,500,-0.0854,-0.0609,-0.0557,4.39,3.11,2.77
33,50,0.2,1.2/1.5,70,1000,1000,500,-0.0843,-0.0503,-0.041,5.39,3.3,2.75
33,50,0.2,1.2/1.5,70,1000,1000,500,-0.14,-0.107,-0.0988,5.62,3.67,3.18
33,50,0.2,1.2/1.5,70,1000,1000,500,-0.0985,-0.0742,0.0685,4.11,2.95,2.64
33,50,0.2,1.2/1.5,70,1000,1000,500,-0.0623,-0.0411,-0.0367,3.5,2.5,2.26
33,50,0.2,1.2/1.5,70,1000,1000,500,-0.0855,-0.0591,-0.0513,3.91,2.59,2.19
33,50,0.2,1.2/1.5,70,1000,1000,500,-0.0796,-0.0617,-0.0564,3.19,2.3,2.05
33,50,0.2,1.2/1.5,70,1000,1000,500,-0.0757,-0.0537,-0.0483,3.85,2.55,2.24
33,50,0.5,1.2/1.5,28,200,550,980,-0.1508,-0.1339,-0.1152,6.051,3.8038,1.7385
33,100,0.2,1.2/1.5,44,1500,900,980,-0.1618,-0.1275,-0.1157,2.4933,1.4384,0.7104
33,50,0.2,1.2/1.5,70,1500,900,1000,-0.1026,-0.0718,-0.0466,2.3184,1.7541,1.2672
33,100,0.5,1.2/1.5,70,2000,1000,700,-0.1807,-0.1831,-0.1522,5.4171,2.7876,2.4552
11,100,0.2,1.2/1.5,40,1500,750,550,-0.201,-0.1139,-0.084,7.2329,3.5683,1.9871
33,50,0.2,1.2/1.5,28,1500,900,500,-0.0665,-0.0691,-0.0676,4.554,1.1105,-0.065
11,50,0.2,1.2/1.5,44,200,500,980,-0.091,-0.0954,-0.1076,5.04,-0.9262,-1.9999
33,100,0.2,1.2/1.5,38,1000,900,550,-0.1499,-0.1188,-0.0881,2.0056,2.0914,1.8716
33,50,0.2,1.2/1.5,70,1000,1000,900,-0.1016,-0.064,-0.0421,2.2886,1.9529,1.4285
11,50,0.2,1.2/1.5,70,200,700,900,-0.066,-0.0357,-0.0378,6.8862,3.4895,1.8768
33,100,0.2,1.2/1.5,28,1100,500,750,-0.1546,-0.1037,-0.1068,5.8678,3.0636,0.7554
33,100,0.2,1.2/1.5,40,1500,500,500,-0.1623,-0.1163,-0.1133,2.5236,1.0091,1.2576
33,100,0.2,1.2/1.5,70,1000,550,550,-0.1698,-0.1162,-0.0943,2.4369,2.2844,2.0198
33,100,0.2,1.2/1.5,30,200,1000,500,-0.1594,-0.1125,-0.1099,2.1257,2.8613,2.7578
33,50,0.5,1.2/1.5,70,2000,1000,500,-0.1344,-0.1185,-0.096,4.4456,3.6523,3.4787
33,50,0.2,1.2/1.5,44,1500,950,1000,-0.1388,-0.0946,-0.0722,-1.4034,-0.5662,0.1423
33,100,0.2,1.2/1.5,70,2000,800,1000,-0.1558,-0.121,-0.1123,2.587,3.0115,2.1578
33,100,0.2,1.2/1.5,70,200,750,1000,-0.1251,-0.1124,-0.1025,2.5383,2.4752,2.4178
33,100,0.2,1.2/1.5,30,1000,750,800,-0.1462,-0.103,-0.0865,2.0711,1.879,1.3378
33,50,0.2,1.2/1.5,30,900,800,550,-0.0682,-0.0414,-0.0424,-0.5369,0.5068,0.597
33,50,0.5,1.2/1.5,28,1500,550,1000,-0.1342,-0.1083,-0.1131,6.2571,1.7435,2.8917
11,50,0.2,1.2/1.5,70,200,700,200,-0.0926,-0.0319,-0.0469,7.0705,0.8051,-0.6175
33,100,0.2,1.2/1.5,33,1500,700,500,-0.1442,-0.114,-0.0892,2.7588,1.7406,1.3828
33,50,0.2,1.2/1.5,30,1500,700,500,-0.0337,-0.0634,-0.0709,1.7661,-0.3879,-0.1323
33,50,0.2,1.2/1.5,70,1000,550,500,-0.0616,-0.0423,-0.059,2.4703,2.213,1.5524
33,50,0.2,1.2/1.5,70,1000,500,550,-0.0791,-0.0736,-0.0514,1.9417,1.6539,1.8374
33,50,0.2,1.2/1.5,70,900,750,1000,-0.0593,-0.0732,-0.0447,3.3906,2.4454,1.6503
11,50,0.2,1.2/1.5,70,200,750,980,-0.0651,-0.0592,-0.0928,6.6877,2.8658,1.1947
33,50,0.5,1.2/1.5,70,200,950,550,-0.1703,-0.0984,-0.108,3.8203,1.7366,2.4668
33,50,0.2,1.2/1.5,70,900,750,200,-0.0836,-0.035,-0.0273,0.5868,-0.0208,0.2608
33,100,0.2,1.2/1.5,40,1500,550,900,-0.1582,-0.0808,-0.1121,2.377,1.9144,2.024
33,50,0.2,1.2/1.5,70,1000,950,1000,-0.1407,-0.0891,-0.0646,2.3614,1.2777,0.5121
11,50,0.2,1.2/1.5,70,1000,1000,700,-0.0994,-0.0606,-0.0823,6.5208,2.2683,1.8757
11,100,0.2,1.2/1.5,70,2000,1000,980,-0.1849,-0.1128,-0.1313,7.4508,4.4005,2.9363
33,50,0.5,1.2/1.5,70,2000,1000,550,-0.0925,-0.1043,-0.1155,2.8136,3.0641,2.778
33,50,0.2,1.2/1.5,28,1500,550,700,-0.0245,-0.0409,-0.0727,5.8722,0.9857,-0.282
11,50,0.2,1.2/1.5,70,1500,800,750,-0.0793,-0.048,-0.0337,7.7128,2.0466,1.926
33,50,0.5,1.2/1.5,70,2000,750,500,-0.0944,-0.1096,-0.1112,3.1079,2.6539,3.011
33,50,0.5,1.2/1.5,70,900,550,200,-0.0977,-0.098,-0.0639,2.8098,2.6428,1.8156
11,50,0.2,1.2/1.5,28,2000,550,550,-0.0632,-0.0431,-0.0648,9.6667,2.3243,0.3161
33,50,0.2,1.2/1.5,70,200,550,500,-0.0696,-0.0647,-0.0135,3.0214,2.646,1.9524
33,100,0.2,1.2/1.5,28,2000,550,700,-0.1403,-0.1046,-0.0983,6.0433,2.4474,2.5538
11,100,0.2,1.2/1.5,28,1500,550,750,-0.2175,-0.1173,-0.1022,11.6935,4.9732,2.6756
33,50,0.5,1.2/1.5,38,1500,700,200,-0.0864,-0.1042,-0.0856,1.7326,1.8984,2.0272
33,100,0.2,1.2/1.5,30,1500,800,1000,-0.1516,-0.1241,-0.112,2.1394,1.4536,1.3029
33,50,0.5,1.2/1.5,70,2000,950,800,-0.1542,-0.1086,-0.0793,4.0547,3.5858,2.6606
33,50,0.2,1.2/1.5,70,900,1000,980,-0.1116,-0.0973,-0.0967,3.258,1.0081,1.3157
11,50,0.5,1.2/1.5,28,1000,950,750,-0.1792,-0.1217,-0.085,11.9925,4.5316,2.3959
11,50,0.2,1.2/1.5,28,2000,900,900,-0.105,-0.0641,-0.0403,11.2871,2.6747,0.3364
33,50,0.5,1.2/1.5,70,2000,1000,200,-0.1073,-0.0933,-0.0786,1.3896,1.8729,2.0813
33,50,0.2,1.2/1.5,33,1000,1000,750,-0.0936,-0.0506,-0.0704,-0.4026,0.5305,-0.4694
33,50,0.2,1.2/1.5,70,2000,700,900,-0.1054,-0.0342,-0.0505,3.5497,2.3391,1.711
33,50,0.2,1.2/1.5,33,1100,500,500,-0.0842,-0.0282,-0.0406,-0.1729,-0.6229,-0.9451
33,50,0.5,1.2/1.5,44,1100,950,200,-0.1507,-0.1089,-0.1034,2.2654,2.46,1.5602
33,100,0.5,1.2/1.5,70,1000,900,980,-0.1487,-0.1695,-0.151,3.6253,2.9372,2.0055
11,50,0.2,1.2/1.5,33,1000,750,800,-0.0616,-0.0345,-0.0409,5.0179,0.2464,0.3176
33,50,0.2,1.2/1.5,38,900,750,900,-0.0178,-0.0401,-0.0238,-0.7118,-0.0635,-0.0618
33,50,0.2,1.2/1.5,70,1500,550,200,-0.0717,-0.0485,-0.0418,1.1193,-0.0923,0.0822
33,50,0.2,1.2/1.5,33,1100,950,200,-0.0713,-0.047,-0.0259,0.5523,0.7692,-0.6575
11,50,0.2,1.2/1.5,38,1100,950,980,-0.1367,-0.1176,-0.0937,5.4632,1.0881,0.0426
33,50,0.2,1.2/1.5,70,200,900,750,-0.0696,-0.0365,-0.0431,1.5008,1.3412,2.2413
11,50,0.2,1.2/1.5,30,1100,550,700,-0.0433,-0.0322,-0.0651,7.7569,1.779,0.4465
33,100,0.2,1.2/1.5,70,900,500,200,-0.1391,-0.1074,-0.1166,4.4768,1.1084,1.1376
33,50,0.2,1.2/1.5,33,1000,1000,700,-0.0855,-0.0523,-0.0411,0.0451,0.1421,-0.3944
33,100,0.2,1.2/1.5,70,2000,700,550,-0.1069,-0.1338,-0.1094,3.4326,2.4101,3.0571
33,50,0.2,1.2/1.5,30,1100,1000,200,-0.0544,-0.0509,-0.054,-0.2061,-0.1474,0.456
11,50,0.2,1.2/1.5,70,1000,750,500,-0.105,-0.0567,-0.044,6.2874,3.8465,2.321
33,50,0.2,1.2/1.5,28,1500,950,800,-0.055,-0.0407,-0.0733,4.6758,1.2022,-0.5142
11,50,0.2,1.2/1.5,70,1000,800,750,-0.094,-0.0571,-0.0628,6.7666,2.6466,1.2252
33,50,0.5,1.2/1.5,38,1500,500,1000,-0.1231,-0.0856,-0.0931,1.536,1.9746,1.013
33,50,0.2,1.2/1.5,70,200,700,1000,-0.0655,-0.0327,-0.0352,3.2301,1.8979,2.4076
33,50,0.5,1.2/1.5,28,1500,550,200,-0.1106,-0.1186,-0.1034,7.5219,2.865,2.897
33,50,0.2,1.2/1.5,70,900,750,800,-0.0326,-0.0744,-0.031,1.7603,1.9032,1.3991
33,50,0.5,1.2/1.5,70,1500,900,1000,-0.1115,-0.1146,-0.07,2.7868,2.4329,2.3965
33,50,0.5,1.2/1.5,70,1000,800,900,-0.1272,-0.1062,-0.0998,2.4945,1.9035,2.098
11,50,0.2,1.2/1.5,70,1100,550,550,-0.1013,-0.0501,-0.0144,7.3401,2.3339,1.6001
33,50,0.2,1.2/1.5,70,1000,550,980,-0.1069,-0.0779,-0.0728,1.3223,1.2395,0.4879
33,50,0.2,1.2/1.5,70,1000,950,550,-0.0761,-0.0831,-0.0809,4.0319,1.4406,2.042
33,50,0.5,1.2/1.5,70,1100,1000,550,-0.1172,-0.1002,-0.0975,2.6963,2.8909,2.246
33,50,0.5,1.2/1.5,70,2000,800,900,-0.1225,-0.0895,-0.1165,3.2221,2.8102,2.9319
33,50,0.2,1.2/1.5,70,2000,800,200,-0.0711,-0.0659,-0.0329,0.4287,-0.0497,-0.3195
33,50,0.2,1.2/1.5,70,200,1000,750,-0.0527,-0.0799,-0.0542,3.6866,1.9574,1.4588
33,50,0.2,1.2/1.5,70,1500,800,980,-0.0747,-0.0749,-0.0654,2.4181,1.6227,1.0009
33,50,0.5,1.2/1.5,70,200,700,500,-0.0915,-0.0848,-0.1326,3.3728,3.1481,2.4418
33,50,0.2,1.2/1.5,40,1500,1000,800,-0.0406,-0.0419,-0.0217,-0.0651,-0.7913,0.5225
33,50,0.2,1.2/1.5,28,1500,500,900,-0.0166,-0.0086,-0.0663,4.6101,0.905,-0.9844
11,50,0.2,1.2/1.5,70,1000,700,980,-0.0945,-0.0821,-0.0886,6.7121,2.3339,1.6511
33,50,0.5,1.2/1.5,40,1500,500,550,-0.1246,-0.0845,-0.0813,0.0817,0.9824,0.8391
11,100,0.2,1.2/1.5,70,1100,1000,750,-0.1853,-0.1274,-0.0965,7.8303,4.7404,2.7554
11,100,0.2,1.2/1.5,70,2000,800,750,-0.1882,-0.1237,-0.1064,7.1387,5.1643,4.0044
33,50,0.2,1.2/1.5,33,1500,500,980,-0.0723,-0.0836,-0.0579,-1.4214,-1.6029,-1.678
33,100,0.5,1.2/1.5,70,1100,700,750,-0.1756,-0.1597,-0.1406,2.4508,3.5115,3.9071
33,50,0.5,1.2/1.5,70,1100,550,500,-0.0931,-0.0819,-0.1014,3.0494,2.5201,2.1574
33,100,0.2,1.2/1.5,70,200,550,980,-0.118,-0.1311,-0.1071,2.8864,1.3254,2.0515
33,100,0.2,1.2/1.5,30,2000,900,500,-0.1624,-0.1252,-0.1144,2.4371,1.0454,1.8589
33,50,0.2,1.2/1.5,33,900,800,980,-0.0857,-0.1002,-0.0853,0.9309,-0.5675,0.1663
33,50,0.2,1.2/1.5,70,900,500,500,-0.0747,-0.0807,-0.0512,3.3117,1.5373,1.5538
33,100,0.2,1.2/1.5,70,200,800,200,-0.1429,-0.1165,-0.1004,2.1321,1.7627,1.3269
33,50,0.2,1.2/1.5,70,900,1000,1000,-0.0889,-0.0652,-0.0667,3.2241,0.8776,2.3678
33,50,0.2,1.2/1.5,30,2000,700,500,-0.0694,-0.0351,-0.0551,0.8428,0.8462,0.1102
33,50,0.2,1.2/1.5,28,900,900,1000,-0.1089,-0.0719,-0.0535,4.4945,0.9331,0.4058
33,50,0.2,1.2/1.5,40,1500,1000,700,-0.0479,-0.035,-0.0557,-0.1045,-0.3063,-0.4749
33,100,0.2,1.2/1.5,70,2000,950,550,-0.1649,-0.1002,-0.1069,4.0009,2.9016,2.4579
33,100,0.5,1.2/1.5,70,2000,750,900,-0.2071,-0.1629,-0.1705,3.4274,3.134,2.6782
33,50,0.2,1.2/1.5,40,900,550,200,-0.0537,-0.0537,-0.0431,-0.5668,0.3837,-0.6188
33,50,0.2,1.2/1.5,28,1500,800,550,-0.086,-0.0475,-0.0897,5.9248,1.705,0.2775
33,50,0.2,1.2/1.5,28,1100,950,550,-0.0919,-0.0661,-0.0768,4.7412,1.1954,0.1375
11,50,0.2,1.2/1.5,70,1000,950,700,-0.1182,-0.0605,-0.0789,6.3599,2.9301,1.4296
33,50,0.5,1.2/1.5,30,2000,950,700,-0.1464,-0.1325,-0.1136,1.9922,3.1535,2.6413
33,50,0.2,1.2/1.5,38,200,950,550,-0.0582,-0.0608,-0.0434,0.4382,-1.2672,0.2298
33,100,0.2,1.2/1.5,70,200,800,550,-0.1629,-0.1546,-0.0864,3.1366,2.3005,2.0923
11,50,0.2,1.2/1.5,40,2000,750,500,-0.0483,-0.0319,-0.0343,5.8295,1.3424,0.3317
33,50,0.5,1.2/1.5,38,900,1000,800,-0.1042,-0.105,-0.099,2.277,1.6376,2.0726
11,50,0.2,1.2/1.5,44,900,700,980,-0.0692,-0.0633,-0.068,5.9516,0.184,0.151
33,50,0.5,1.2/1.5,38,1500,700,1000,-0.0875,-0.1065,-0.07,1.5457,1.709,2.0573
33,50,0.2,1.2/1.5,70,1000,750,750,-0.0929,-0.0469,-0.0585,3.3319,1.8443,1.2473
11,50,0.2,1.2/1.5,70,2000,750,980,-0.1054,-0.0787,-0.0769,8.0496,3.5712,3.0473
33,50,0.2,1.2/1.5,70,1100,500,900,-0.0497,-0.0602,-0.0755,2.1159,1.3293,0.7215
11,50,0.2,1.2/1.5,38,1100,550,980,-0.0552,-0.0647,-0.0665,5.4705,0.4837,-0.0106
33,50,0.2,1.2/1.5,30,900,1000,750,-0.0523,-0.0746,-0.0892,0.2436,-0.0354,0.2211
33,50,0.5,1.2/1.5,70,1500,950,900,-0.1125,-0.1086,-0.0978,4.5764,3.1986,1.5372
33,50,0.2,1.2/1.5,70,1100,700,200,-0.0571,-0.0497,-0.0365,0.3378,-0.0252,-0.481
33,50,0.2,1.2/1.5,28,200,500,980,-0.0962,-0.0979,-0.1006,5.1644,0.6059,-1.0603
33,50,0.5,1.2/1.5,44,2000,700,1000,-0.1168,-0.106,-0.0894,1.3572,2.0244,2.2507
33,100,0.2,1.2/1.5,28,200,750,980,-0.159,-0.1225,-0.1195,6.6399,1.8621,2.3875
33,50,0.2,1.2/1.5,70,2000,800,980,-0.0848,-0.0586,-0.0793,3.2746,2.8275,1.9201
33,50,0.2,1.2/1.5,70,1500,750,980,-0.1154,-0.0954,-0.0651,2.504,2.1096,1.3883
33,50,0.2,1.2/1.5,28,900,900,200,-0.0575,-0.0402,-0.0581,5.4379,1.787,0.4951
33,50,0.2,1.2/1.5,33,200,950,500,-0.081,-0.0463,-0.0507,1.4419,-0.0399,0.3708
33,50,0.5,1.2/1.5,44,1100,950,550,-0.1514,-0.1256,-0.0843,2.4055,1.0223,2.1416
11,100,0.2,1.2/1.5,40,1000,800,700,-0.1989,-0.0949,-0.1122,5.5741,2.9047,2.4645
11,100,0.5,1.2/1.5,40,200,750,980,-0.3133,-0.1664,-0.1344,8.1577,6.0259,4.2049
33,50,0.2,1.2/1.5,70,1500,1000,800,-0.1043,-0.0726,-0.0403,2.0105,1.7432,1.6288
33,50,0.5,1.2/1.5,70,1000,800,200,-0.1304,-0.0985,-0.0951,1.4971,1.0679,0.3038
33,50,0.2,1.2/1.5,70,1000,550,800,-0.1089,-0.0679,-0.0501,2.8826,1.3758,1.7489
33,50,0.2,1.2/1.5,70,1500,500,550,-0.1086,-0.0645,-0.0409,3.6328,1.2768,1.4919
33,100,0.2,1.2/1.5,28,1000,550,1000,-0.1846,-0.1304,-0.1143,7.9612,3.0776,2.3551
33,100,0.2,1.2/1.5,38,1000,700,750,-0.1769,-0.1263,-0.1052,1.4552,2.4804,2.1503
33,50,0.2,1.2/1.5,30,1000,700,900,-0.0631,-0.0817,-0.069,-0.4697,-0.5496,-0.9503
33,100,0.2,1.2/1.5,70,200,1000,500,-0.1464,-0.1234,-0.1222,2.7325,2.3519,1.669
11,50,0.2,1.2/1.5,70,1500,550,1000,-0.088,-0.0512,-0.0541,7.004,2.3049,1.6438
33,100,0.2,1.2/1.5,70,200,950,900,-0.1518,-0.1109,-0.1201,3.0748,2.9321,1.8839
11,50,0.2,1.2/1.5,70,200,750,1000,-0.0688,-0.0656,-0.0377,6.5284,2.3686,1.732
33,100,0.2,1.2/1.5,70,2000,500,900,-0.1399,-0.1035,-0.1053,3.7856,3.1452,2.7687
33,100,0.2,1.2/1.5,30,1000,550,900,-0.1415,-0.1015,-0.0913,2.7044,2.3467,1.1282
33,100,0.2,1.2/1.5,70,1500,900,800,-0.1304,-0.1052,-0.1099,2.2825,2.2329,2.5595
33,50,0.2,1.2/1.5,70,200,700,1000,-0.0838,-0.0374,-0.0431,2.598,1.3759,0.7686
33,50,0.2,1.2/1.5,30,900,950,550,-0.0445,-0.0607,-0.0588,0.6387,-0.6016,-0.4033
11,50,0.2,1.2/1.5,70,200,800,200,-0.0891,-0.0399,-0.0413,5.4256,1.4214,0.0509
33,50,0.2,1.2/1.5,70,1000,800,550,-0.1026,-0.0394,-0.0494,2.8368,2.4538,1.6087
33,100,0.2,1.2/1.5,70,200,550,200,-0.1384,-0.1341,-0.1127,1.1547,1.4416,1.0681
33,50,0.2,1.2/1.5,40,2000,500,750,-0.0497,-0.0345,-0.0275,-1.333,-0.9277,-1.7144
33,50,0.2,1.2/1.5,70,200,550,200,-0.0574,-0.0594,-0.0447,-0.2847,0.1442,0.0414
33,50,0.2,1.2/1.5,70,1000,550,500,-0.0867,-0.0582,-0.075,3.1715,2.1797,1.536
33,50,0.5,1.2/1.5,28,2000,500,200,-0.0936,-0.0859,-0.1028,5.8072,3.922,2.1091
33,100,0.2,1.2/1.5,70,1500,750,800,-0.1389,-0.1079,-0.1025,4.5699,2.9047,2.8004
33,50,0.2,1.2/1.5,28,1500,700,550,-0.0429,-0.0493,-0.0579,4.7824,2.2071,-0.4297
33,100,0.2,1.2/1.5,38,200,750,500,-0.1363,-0.1064,-0.1045,2.9935,3.0723,2.4923
11,50,0.5,1.2/1.5,70,1100,800,900,-0.1383,-0.122,-0.0834,7.3255,3.193,2.6553
11,50,0.5,1.2/1.5,30,1500,700,1000,-0.1771,-0.1142,-0.0764,6.7368,2.3794,1.5996
33,50,0.2,1.2/1.5,40,200,750,1000,-0.0423,-0.0395,-0.0347,-0.3036,0.4654,0.2319
33,50,0.5,1.2/1.5,28,900,500,550,-0.0871,-0.1014,-0.0859,6.7747,3.0828,1.7559
33,50,0.5,1.2/1.5,28,1100,700,1000,-0.1487,-0.1073,-0.126,4.666,2.8148,1.3826
33,50,0.5,1.2/1.5,70,1500,500,550,-0.0943,-0.0959,-0.107,3.8721,3.4105,2.1593
33,50,0.2,1.2/1.5,70,1100,950,980,-0.1013,-0.095,-0.1066,2.3226,1.3312,1.1205
33,100,0.2,1.2/1.5,30,1000,950,550,-0.1551,-0.1126,-0.1157,1.6407,2.8571,1.7047
33,50,0.2,1.2/1.5,28,900,500,1000,-0.1103,-0.0647,-0.0619,4.7147,-0.3611,-2.11
11,100,0.5,1.2/1.5,38,200,950,700,-0.2942,-0.2026,-0.1497,6.4591,6.3755,5.3369
33,100,0.5,1.2/1.5,28,1100,700,550,-0.2202,-0.1817,-0.1472,8.7237,4.7899,3.9463
11,100,0.2,1.2/1.5,38,1500,800,800,-0.1725,-0.1247,-0.0764,7.2844,5.061,2.6114
33,50,0.5,1.2/1.5,28,1000,1000,800,-0.1394,-0.1055,-0.1052,5.7802,4.0198,2.3872
33,50,0.2,1.2/1.5,28,1500,700,750,-0.0648,-0.0425,-0.0747,4.3653,1.3147,0.7954
33,50,0.2,1.2/1.5,40,1500,950,980,-0.1205,-0.1229,-0.0795,-0.0103,-0.1931,-0.3185
33,50,0.2,1.2/1.5,38,900,500,1000,-0.0574,-0.0593,-0.0547,-0.1192,-0.677,-1.0777
11,50,0.2,1.2/1.5,33,900,950,550,-0.0786,-0.0506,-0.063,5.7016,1.411,-0.2449
33,50,0.2,1.2/1.5,70,1500,800,980,-0.1007,-0.0905,-0.068,1.0602,1.3199,1.3303
33,100,0.2,1.2/1.5,30,200,750,1000,-0.1357,-0.1369,-0.1264,2.9155,1.5405,1.9544
33,100,0.2,1.2/1.5,33,900,750,700,-0.1611,-0.1074,-0.1012,2.7415,1.4004,1.7728
33,100,0.2,1.2/1.5,70,200,950,900,-0.1155,-0.1296,-0.1167,2.2067,2.9534,1.9547
33,50,0.2,1.2/1.5,70,200,1000,200,-0.0917,-0.0432,-0.065,0.2923,-0.3778,-0.2687
33,50,0.2,1.2/1.5,28,1100,750,500,-0.0488,-0.0352,-0.0672,4.7051,1.6743,-0.1743
33,50,0.2,1.2/1.5,70,2000,700,800,-0.0942,-0.0589,-0.0535,3.8392,1.8314,1.7232
33,100,0.2,1.2/1.5,40,200,900,500,-0.1509,-0.1215,-0.1082,1.6394,1.5667,2.0091
33,50,0.2,1.2/1.5,70,2000,700,750,-0.0507,-0.0563,-0.0434,3.6219,2.0144,2.5864
33,50,0.2,1.2/1.5,38,1000,500,800,-0.0314,-0.0358,-0.0527,-1.74,-1.2378,-0.3684
33,50,0.2,1.2/1.5,33,1100,800,500,-0.031,-0.0445,-0.0381,0.6794,0.6542,-0.1486
33,100,0.2,1.2/1.5,70,900,700,200,-0.1331,-0.112,-0.0918,1.8835,1.8302,1.3551
11,100,0.2,1.2/1.5,28,1500,800,1000,-0.2106,-0.1409,-0.1293,11.0965,4.9623,2.8102
33,50,0.2,1.2/1.5,70,1500,700,500,-0.0519,-0.0457,-0.0259,3.0864,1.8517,1.9305
33,50,0.2,1.2/1.5,28,1500,950,900,-0.1157,-0.0798,-0.0755,4.6624,1.2504,-0.5721
33,50,0.5,1.2/1.5,70,1500,550,980,-0.1109,-0.1251,-0.1032,2.1235,1.8485,2.7417
33,50,0.2,1.2/1.5,28,1500,800,750,-0.059,-0.0426,-0.0883,4.8286,2.3608,-0.2903
33,50,0.2,1.2/1.5,70,200,800,800,-0.0594,-0.0397,-0.041,2.3321,2.3236,1.1666
33,50,0.5,1.2/1.5,33,900,1000,500,-0.1585,-0.0868,-0.1159,3.2743,1.842,1.4854
33,50,0.2,1.2/1.5,30,1100,550,700,-0.0229,-0.053,-0.049,0.6313,-0.0631,-1.0658
33,50,0.2,1.2/1.5,40,1000,700,500,-0.047,-0.0582,-0.0464,1.3198,0.5007,0.0692
33,100,0.5,1.2/1.5,28,1500,1000,900,-0.2357,-0.1449,-0.1541,8.312,4.9297,3.8559
11,50,0.5,1.2/1.5,30,1000,900,550,-0.1624,-0.105,-0.0646,7.7337,3.0556,2.4447
33,50,0.5,1.2/1.5,70,200,800,700,-0.0716,-0.1396,-0.1023,2.6062,2.5527,1.5499
33,100,0.2,1.2/1.5,70,900,800,980,-0.1465,-0.1212,-0.1291,3.1814,2.9638,2.5197
33,50,0.2,1.2/1.5,40,1500,950,980,-0.0736,-0.0909,-0.097,0.2823,0.2232,-0.4358
33,100,0.5,1.2/1.5,38,1500,950,700,-0.24,-0.1829,-0.1585,3.1664,3.8662,4.2497
33,100,0.2,1.2/1.5,38,200,800,1000,-0.1567,-0.1202,-0.1099,2.282,1.9454,2.2452
33,50,0.2,1.2/1.5,70,1000,700,550,-0.0752,-0.0801,-0.0452,2.6882,1.0699,2.0481
33,100,0.2,1.2/1.5,28,1100,900,980,-0.186,-0.1485,-0.1432,4.8925,2.487,1.3553
33,50,0.5,1.2/1.5,70,1100,800,200,-0.1149,-0.1022,-0.0898,2.3799,1.2861,1.4574
11,50,0.2,1.2/1.5,30,1500,900,750,-0.0403,-0.0571,-0.0634,5.6629,0.4207,0.0764
33,50,0.2,1.2/1.5,70,1500,700,200,-0.06,-0.0652,-0.0363,0.5383,0.4866,-0.4066
11,50,0.5,1.2/1.5,38,1500,800,1000,-0.1405,-0.1198,-0.0843,6.664,3.3385,2.3204
33,50,0.2,1.2/1.5,70,900,900,200,-0.0702,-0.0174,-0.0315,2.2971,-1.0636,0.0887
33,50,0.2,1.2/1.5,70,1100,950,700,-0.0991,-0.0712,-0.0262,4.1849,0.7118,2.2542
11,50,0.2,1.2/1.5,33,900,550,750,-0.0453,-0.0288,-0.0155,5.2781,1.7986,0.5449
11,50,0.2,1.2/1.5,30,1100,900,750,-0.0612,-0.0609,-0.0501,6.9781,1.6252,-0.5493
33,50,0.2,1.2/1.5,70,900,800,1000,-0.102,-0.0507,-0.0279,3.3457,1.457,1.9696
33,50,0.2,1.2/1.5,30,1500,750,900,-0.0677,-0.0232,-0.033,-0.3231,-1.1954,-0.6842
33,50,0.2,1.2/1.5,28,200,800,1000,-0.0451,-0.0695,-0.0697,2.5978,1.0612,0.1768
11,50,0.5,1.2/1.5,70,200,550,900,-0.1345,-0.1031,-0.0995,8.1888,3.9627,2.6798
33,50,0.2,1.2/1.5,33,1100,1000,750,-0.0257,-0.0624,-0.0703,2.3536,-0.6341,0.5725
33,50,0.2,1.2/1.5,33,1000,1000,900,-0.0819,-0.0625,-0.0585,0.3317,0.2893,-0.1032
33,100,0.2,1.2/1.5,70,1500,550,200,-0.1619,-0.103,-0.1085,1.8569,2.0054,0.9128
33,50,0.5,1.2/1.5,33,200,800,700,-0.1081,-0.1062,-0.0939,2.4615,2.3668,3.1022
33,50,0.2,1.2/1.5,30,1000,550,900,-0.0486,-0.0497,-0.0356,1.233,-0.3282,-0.7026
11,50,0.2,1.2/1.5,70,200,950,550,-0.0909,-0.0495,-0.0673,8.2965,3.0032,0.8331
33,50,0.2,1.2/1.5,70,1000,1000,200,-0.0962,-0.0477,-0.036,0.644,-0.2718,0.4767
33,50,0.2,1.2/1.5,70,900,800,900,-0.0532,-0.0716,-0.0713,4.1858,1.4772,1.4441
33,50,0.2,1.2/1.5,70,900,1000,750,-0.1112,-0.0641,-0.0645,3.1789,0.7981,1.3497
11,50,0.2,1.2/1.5,38,2000,1000,550,-0.0643,-0.0416,-0.0385,5.1152,1.251,-1.2786
33,50,0.2,1.2/1.5,70,900,900,900,-0.0525,-0.0475,-0.0499,2.1348,1.1283,1.4799
33,50,0.5,1.2/1.5,40,2000,900,550,-0.1075,-0.0935,-0.0797,1.3878,1.8415,1.4857
33,50,0.2,1.2/1.5,30,1100,700,700,-0.0148,-0.052,-0.0351,0.0289,0.2088,0.2865
33,50,0.5,1.2/1.5,70,200,500,900,-0.1255,-0.1189,-0.1007,2.7719,2.8029,3.6226
11,100,0.2,1.2/1.5,28,200,550,700,-0.2163,-0.1008,-0.1033,12.1581,5.1434,2.6855
11,50,0.2,1.2/1.5,38,1500,750,900,-0.072,-0.0157,-0.0234,5.9129,1.6389,-0.036
33,100,0.2,1.2/1.5,28,1000,900,500,-0.205,-0.0996,-0.1079,6.1734,3.1444,1.3213
11,50,0.2,1.2/1.5,28,2000,1000,200,-0.0929,-0.0599,-0.0537,9.7654,2.192,0.5969
33,50,0.5,1.2/1.5,33,900,950,550,-0.1131,-0.1197,-0.0992,2.1563,2.2563,1.588
33,50,0.5,1.2/1.5,70,1000,550,700,-0.1296,-0.0998,-0.1156,2.431,2.2378,2.145
33,100,0.2,1.2/1.5,70,2000,900,1000,-0.1202,-0.1427,-0.1194,3.2102,3.4436,2.7675
11,50,0.2,1.2/1.5,44,200,1000,1000,-0.0879,-0.0723,-0.0399,5.3964,0.9258,0.422
33,50,0.2,1.2/1.5,70,1500,800,900,-0.0802,-0.0539,-0.0359,3.3087,1.6914,1.137
33,100,0.2,1.2/1.5,70,1100,950,550,-0.133,-0.116,-0.1177,2.7583,2.5848,1.7423
33,50,0.2,1.2/1.5,44,1000,500,700,-0.0899,-0.0912,-0.0686,-1.5935,-1.5411,-1.4229
33,100,0.2,1.2/1.5,40,1000,950,800,-0.1459,-0.0963,-0.1,2.8807,1.5037,0.8521
11,100,0.2,1.2/1.5,70,1500,800,750,-0.2231,-0.1273,-0.087,6.9713,3.7663,3.8688
33,100,0.5,1.2/1.5,70,1500,550,1000,-0.1658,-0.1599,-0.1586,4.9267,3.4531,2.8259
33,50,0.2,1.2/1.5,28,200,700,700,-0.072,-0.0258,-0.0658,5.2208,2.0422,-0.3405
33,50,0.2,1.2/1.5,70,2000,550,980,-0.0672,-0.0526,-0.0723,2.1802,1.5876,1.7174
33,50,0.2,1.2/1.5,30,200,1000,750,-0.0653,-0.0731,-0.0621,-1.1095,0.3427,-0.3185
33,50,0.5,1.2/1.5,70,2000,500,800,-0.1414,-0.0936,-0.099,3.8062,2.2898,2.5915
33,50,0.2,1.2/1.5,30,1500,700,550,-0.0471,-0.0431,-0.0703,-1.51,-0.5567,-0.079
33,50,0.2,1.2/1.5,70,2000,550,550,-0.0767,-0.0426,-0.0317,2.9615,1.7447,2.2067
33,50,0.2,1.2/1.5,70,2000,1000,800,-0.0643,-0.0508,-0.0579,2.4503,3.048,2.1358
11,50,0.2,1.2/1.5,38,1100,500,500,-0.0536,-0.0242,-0.0443,5.9937,1.1524,-0.5017
33,50,0.5,1.2/1.5,33,2000,950,750,-0.1379,-0.0881,-0.1113,2.8099,2.3267,2.1592
33,50,0.5,1.2/1.5,30,1500,500,900,-0.1232,-0.0921,-0.0763,1.8116,1.6905,0.7905
11,100,0.2,1.2/1.5,70,1000,750,750,-0.1408,-0.127,-0.1317,7.4752,4.4731,3.1952
11,100,0.5,1.2/1.5,28,1500,500,800,-0.2834,-0.151,-0.1408,11.2298,7.5392,5.1127
11,50,0.2,1.2/1.5,38,200,750,200,-0.0554,-0.0303,-0.0235,8.4836,0.6637,1.3037
33,50,0.5,1.2/1.5,70,1100,550,1000,-0.0691,-0.109,-0.0876,3.7795,1.494,1.4496
33,50,0.2,1.2/1.5,30,1500,1000,200,-0.0673,-0.0758,-0.0454,0.4351,-0.0524,-0.5612
33,50,0.2,1.2/1.5,70,900,1000,550,-0.0998,-0.0455,-0.0669,3.0419,1.0378,1.8027
33,50,0.2,1.2/1.5,44,200,550,1000,-0.0818,-0.0465,-0.0441,-0.6591,-1.0941,-0.1333
33,100,0.2,1.2/1.5,33,1000,950,900,-0.1742,-0.1103,-0.1301,4.0761,1.677,2.8054
33,50,0.2,1.2/1.5,28,900,950,550,-0.0663,-0.0667,-0.0738,5.8892,1.0945,-0.3675
33,50,0.2,1.2/1.5,30,900,750,1000,-0.0725,-0.0637,-0.0736,0.3324,-0.171,-0.2235
33,50,0.5,1.2/1.5,70,1100,800,700,-0.1199,-0.112,-0.071,3.7397,2.2886,2.8335
33,50,0.2,1.2/1.5,70,1500,750,1000,-0.0805,-0.0677,-0.0251,2.1653,1.7886,1.0527
33,50,0.5,1.2/1.5,28,1100,550,200,-0.1208,-0.1026,-0.0962,5.2391,4.0016,2.2431
33,50,0.2,1.2/1.5,70,2000,750,900,-0.0835,-0.0412,-0.0454,3.9231,2.4853,1.5112
33,50,0.5,1.2/1.5,70,1000,800,750,-0.1057,-0.1084,-0.1182,3.0572,2.8863,2.5193
33,100,0.2,1.2/1.5,70,1100,950,980,-0.1379,-0.1402,-0.1336,3.7885,2.2125,2.6799
33,50,0.5,1.2/1.5,70,1500,950,1000,-0.1242,-0.1229,-0.08,2.5037,1.8461,1.9167
33,50,0.2,1.2/1.5,70,2000,550,980,-0.0747,-0.0568,-0.0783,2.133,2.3647,2.4286
11,50,0.2,1.2/1.5,28,1000,900,200,-0.1035,-0.0443,-0.0513,9.7396,2.278,0.0687
33,100,0.2,1.2/1.5,70,900,750,550,-0.1263,-0.1169,-0.1081,2.8796,2.6261,2.2576
33,50,0.5,1.2/1.5,38,900,550,750,-0.1004,-0.0976,-0.0713,1.027,2.4205,1.375
33,50,0.2,1.2/1.5,70,1000,900,900,-0.1168,-0.0581,-0.0693,1.4671,1.0162,1.0668
11,100,0.5,1.2/1.5,70,900,800,750,-0.2435,-0.1778,-0.1162,8.4581,5.4681,4.2198
11,100,0.2,1.2/1.5,33,2000,700,900,-0.1872,-0.1004,-0.0903,6.1239,3.3556,2.0517
33,100,0.5,1.2/1.5,28,900,950,200,-0.2104,-0.1697,-0.1328,6.7273,5.546,4.9538
33,50,0.2,1.2/1.5,30,1000,800,200,-0.0792,-0.0673,-0.0622,-0.1387,-0.3226,0.523
33,100,0.2,1.2/1.5,30,1100,750,700,-0.1428,-0.1225,-0.1034,3.0116,2.2047,1.2613
33,50,0.2,1.2/1.5,70,1100,800,980,-0.0948,-0.0609,-0.0778,3.0796,2.4608,2.1882
33,50,0.2,1.2/1.5,70,1100,500,900,-0.073,-0.0645,-0.041,2.4894,1.8267,1.639
33,50,0.2,1.2/1.5,33,200,800,200,-0.0573,-0.0383,-0.0347,-1.4093,-0.2021,0.131
11,100,0.2,1.2/1.5,70,1000,500,550,-0.1827,-0.1171,-0.1336,6.4829,4.1657,2.3444
33,100,0.2,1.2/1.5,70,1500,700,1000,-0.1595,-0.1107,-0.1004,2.1362,2.9967,2.5566
33,50,0.2,1.2/1.5,70,1100,900,750,-0.1245,-0.0648,-0.0188,2.6702,1.6338,0.7963
33,50,0.2,1.2/1.5,30,200,500,500,-0.0148,-0.0432,-0.0559,-0.394,0.5274,-1.1142
33,100,0.2,1.2/1.5,70,1500,950,550,-0.1064,-0.1316,-0.1154,2.5068,2.5958,1.6431
11,50,0.2,1.2/1.5,38,1100,500,750,-0.0319,-0.0351,-0.0269,4.9634,0.5212,-1.1608
33,50,0.2,1.2/1.5,70,900,950,800,-0.0661,-0.0494,-0.0338,2.5985,1.276,1.8297
33,50,0.2,1.2/1.5,70,1500,550,1000,-0.0636,-0.0553,-0.0278,2.6927,1.3163,1.3909
33,100,0.2,1.2/1.5,70,200,1000,980,-0.1292,-0.1389,-0.1463,3.151,2.4545,2.025
33,50,0.2,1.2/1.5,40,1100,950,750,-0.0482,-0.0371,-0.0698,-1.565,-0.6698,-0.2104
11,50,0.2,1.2/1.5,28,200,900,800,-0.088,-0.0522,-0.0447,10.4153,2.0007,-0.1438
33,100,0.5,1.2/1.5,30,1100,500,550,-0.2473,-0.1777,-0.1546,3.5808,4.5823,3.9455
33,50,0.2,1.2/1.5,44,1500,550,200,-0.0675,-0.0334,-0.0418,-1.336,-0.3073,-0.4414
11,50,0.2,1.2/1.5,30,900,800,700,-0.0542,-0.0613,-0.0483,5.9083,1.2367,0.1705
33,50,0.5,1.2/1.5,70,200,950,200,-0.131,-0.122,-0.1055,2.6647,2.1905,1.912
33,50,0.2,1.2/1.5,30,1100,1000,980,-0.1362,-0.1306,-0.1148,-0.3007,-0.218,-0.4165
33,50,0.5,1.2/1.5,33,2000,800,500,-0.1201,-0.0969,-0.0808,2.4789,2.0112,2.1542
11,50,0.2,1.2/1.5,40,1500,900,200,-0.0746,-0.0393,-0.0491,6.0644,1.9673,0.2749
33,100,0.2,1.2/1.5,70,200,1000,550,-0.1169,-0.112,-0.1106,3.0166,2.7407,2.1924
33,50,0.2,1.2/1.5,70,1100,900,800,-0.0859,-0.0578,-0.0279,4.0738,2.1807,0.9432
11,50,0.5,1.2/1.5,44,900,900,800,-0.1586,-0.1159,-0.0913,6.7621,4.1219,2.2573
33,50,0.5,1.2/1.5,70,1500,700,1000,-0.088,-0.0974,-0.1087,4.9326,2.3944,2.7448
33,100,0.2,1.2/1.5,44,200,950,750,-0.1854,-0.1181,-0.1204,1.7505,1.4007,1.4959
33,50,0.5,1.2/1.5,40,1000,500,200,-0.1495,-0.0848,-0.0953,0.0909,1.792,1.946
33,100,0.2,1.2/1.5,38,1500,750,500,-0.157,-0.0931,-0.0941,1.3102,2.3501,2.3098
33,50,0.2,1.2/1.5,70,1000,950,550,-0.1032,-0.0768,-0.0718,2.8032,1.2477,1.3153
33,50,0.2,1.2/1.5,70,900,800,700,-0.1138,-0.059,-0.0447,2.532,2.2463,1.0324
33,50,0.2,1.2/1.5,28,1000,700,800,-0.0363,-0.0301,-0.0466,6.3545,1.9564,-0.5215
33,50,0.2,1.2/1.5,70,1000,700,550,-0.0922,-0.0846,-0.0555,2.2096,1.9682,1.9817
33,50,0.2,1.2/1.5,70,2000,550,700,-0.0568,-0.0624,-0.0416,4.441,2.3733,3.399
33,50,0.2,1.2/1.5,70,900,550,700,-0.0734,-0.0902,-0.0235,3.5327,1.6089,1.3441
33,50,0.5,1.2/1.5,70,900,950,800,-0.1376,-0.118,-0.1181,3.6791,2.6247,2.6063
33,50,0.5,1.2/1.5,30,1500,950,900,-0.1327,-0.1345,-0.1423,0.8715,1.8378,2.2656
11,50,0.2,1.2/1.5,40,1100,900,900,-0.0785,-0.047,-0.0274,5.9206,0.9826,-0.0787
33,50,0.2,1.2/1.5,70,900,950,980,-0.127,-0.124,-0.0862,3.6363,2.489,2.1124
33,100,0.2,1.2/1.5,28,1000,800,800,-0.1661,-0.109,-0.0675,6.9482,3.1861,2.2087
33,100,0.2,1.2/1.5,70,1500,1000,900,-0.1279,-0.1327,-0.1171,2.8885,2.3498,2.9508
33,100,0.2,1.2/1.5,70,1100,550,550,-0.1445,-0.1077,-0.0881,3.0263,3.1136,1.82
33,100,0.2,1.2/1.5,70,1500,750,200,-0.1568,-0.1254,-0.134,2.2486,1.631,1.9139
33,100,0.2,1.2/1.5,40,2000,500,750,-0.144,-0.1145,-0.0996,1.4511,1.7323,1.0687
33,50,0.5,1.2/1.5,70,900,550,700,-0.1418,-0.1444,-0.1035,5.2079,2.7134,2.0058
33,100,0.2,1.2/1.5,30,2000,500,1000,-0.1896,-0.1144,-0.0969,0.7269,0.6116,0.9622
33,50,0.5,1.2/1.5,30,1100,500,900,-0.1089,-0.0825,-0.0944,1.0537,1.3769,0.9678
11,50,0.2,1.2/1.5,70,200,550,200,-0.0578,-0.0425,-0.048,6.5313,1.6888,-0.1952
33,50,0.2,1.2/1.5,70,900,950,750,-0.1154,-0.059,-0.0838,1.8575,0.962,1.3896
33,50,0.2,1.2/1.5,38,1000,800,200,-0.0276,-0.045,-0.0268,1.5323,-0.2191,-0.7242
33,50,0.2,1.2/1.5,70,1500,700,750,-0.0884,-0.0648,-0.032,3.6824,2.0669,1.1401
11,100,0.2,1.2/1.5,44,1500,950,900,-0.2083,-0.1288,-0.1117,5.0049,3.382,2.2155
33,50,0.2,1.2/1.5,33,200,700,1000,-0.0782,-0.0555,-0.0418,0.2712,-0.1793,0.0393
33,50,0.2,1.2/1.5,33,200,500,700,-0.0415,-0.0107,-0.0273,0.4985,-0.8348,-0.5578
11,100,0.2,1.2/1.5,70,900,1000,500,-0.1664,-0.1166,-0.1151,6.9576,3.4451,3.7677
33,50,0.2,1.2/1.5,70,1100,750,900,-0.0678,-0.0474,-0.0264,2.8879,2.1146,1.26
33,100,0.2,1.2/1.5,38,1100,500,980,-0.1298,-0.1375,-0.114,1.4167,2.0244,1.2711
33,100,0.2,1.2/1.5,70,1500,500,1000,-0.1575,-0.1294,-0.1083,2.8356,1.8095,2.5009
33,50,0.2,1.2/1.5,30,1100,950,800,-0.0377,-0.0444,-0.0536,-0.7619,-0.9886,-0.1022
33,50,0.2,1.2/1.5,70,1000,750,550,-0.0528,-0.0565,-0.0608,2.4471,2.1245,1.2235
33,100,0.5,1.2/1.5,70,1100,750,750,-0.1912,-0.1461,-0.1282,3.6067,2.8224,2.8431
33,50,0.2,1.2/1.5,40,900,800,700,-0.0447,-0.0551,-0.0598,-0.5906,0.1303,0.668
33,50,0.5,1.2/1.5,28,1500,750,980,-0.147,-0.1334,-0.1346,5.7169,3.2273,1.9966
33,50,0.2,1.2/1.5,70,2000,950,800,-0.0889,-0.0706,-0.0647,3.915,2.4497,2.04
11,50,0.5,1.2/1.5,28,1000,750,500,-0.1538,-0.1185,-0.1024,10.3707,4.3378,3.2947
33,50,0.2,1.2/1.5,44,1100,800,900,-0.087,-0.0813,-0.0389,-1.1667,0.7026,-1.4312
33,50,0.2,1.2/1.5,44,1500,800,700,-0.0648,-0.0665,-0.0522,-0.3054,-1.0631,-0.5208
33,50,0.5,1.2/1.5,28,1100,800,800,-0.1568,-0.0976,-0.0902,6.3336,4.1349,1.8632
33,50,0.2,1.2/1.5,70,1000,800,700,-0.0665,-0.0592,-0.0539,2.4179,1.7141,0.9524
33,100,0.5,1.2/1.5,70,1100,1000,1000,-0.1707,-0.1684,-0.1691,4.5198,3.3599,2.7445
33,100,0.2,1.2/1.5,70,1500,1000,800,-0.1414,-0.1288,-0.1071,3.1924,3.3765,2.2137
33,100,0.5,1.2/1.5,30,900,500,800,-0.232,-0.1608,-0.1681,3.4879,4.1304,3.6456
33,50,0.2,1.2/1.5,28,2000,950,550,-0.0755,-0.0721,-0.0975,5.5257,1.3133,-0.0491
11,50,0.5,1.2/1.5,38,1500,500,550,-0.1483,-0.1061,-0.0784,7.0692,3.8217,2.4022
33,50,0.2,1.2/1.5,33,1100,950,700,-0.0424,-0.0598,-0.07,0.1956,-0.3375,0.3173
33,100,0.5,1.2/1.5,70,200,1000,700,-0.1627,-0.177,-0.1654,3.071,3.6105,2.6769
33,100,0.5,1.2/1.5,70,1500,800,550,-0.1688,-0.1592,-0.1461,3.6388,3.3663,2.1693
33,50,0.2,1.2/1.5,33,200,550,700,-0.0258,-0.0222,-0.024,0.9843,0.1388,-0.2118
11,50,0.2,1.2/1.5,30,1000,750,1000,-0.085,-0.0835,-0.1137,4.6871,1.1951,0.1725
33,50,0.2,1.2/1.5,70,1500,950,900,-0.0641,-0.0905,-0.055,3.3728,2.4071,1.8083
33,50,0.2,1.2/1.5,28,200,750,700,-0.045,-0.0692,-0.0533,4.2241,1.3847,0.1946
33,50,0.5,1.2/1.5,28,1500,900,550,-0.1178,-0.0972,-0.1281,6.4772,4.0735,2.5309
11,50,0.2,1.2/1.5,38,2000,500,550,-0.0513,-0.02,-0.0162,6.6399,0.6343,-1.1029
33,100,0.2,1.2/1.5,70,1000,550,800,-0.1329,-0.1272,-0.0718,1.5968,3.0543,2.0717
33,50,0.5,1.2/1.5,28,1100,500,800,-0.092,-0.0799,-0.1165,5.4501,2.5227,1.9045
33,50,0.5,1.2/1.5,28,1000,950,700,-0.1565,-0.1231,-0.1327,6.6923,2.8948,2.3465
33,100,0.2,1.2/1.5,38,200,900,750,-0.1536,-0.0969,-0.0877,1.7079,1.8703,1.1959
33,50,0.2,1.2/1.5,28,1100,550,500,-0.0475,-0.0332,-0.0558,5.2813,1.446,0.2689
11,100,0.2,1.2/1.5,70,200,500,900,-0.1686,-0.141,-0.1171,7.3996,4.2293,2.8952
33,100,0.2,1.2/1.5,40,1000,800,800,-0.1523,-0.1038,-0.1092,0.7401,1.9418,1.919
33,100,0.2,1.2/1.5,33,200,800,550,-0.1494,-0.1115,-0.0746,2.3325,3.2695,2.4828
33,50,0.2,1.2/1.5,28,1000,900,200,-0.0645,-0.0306,-0.0416,5.4,2.0187,0.1817
33,50,0.2,1.2/1.5,28,2000,500,980,-0.0974,-0.0907,-0.1149,5.5,0.768,-0.6417
33,100,0.2,1.2/1.5,30,900,950,550,-0.1358,-0.1432,-0.1203,1.8689,2.0498,1.2466
33,50,0.2,1.2/1.5,70,1000,1000,500,-0.122,-0.0564,-0.069,3.6348,1.1934,2.4018
33,50,0.5,1.2/1.5,40,900,1000,700,-0.1204,-0.0952,-0.1108,0.5465,2.1336,1.6741
11,50,0.5,1.2/1.5,38,1500,950,700,-0.1864,-0.1084,-0.0958,7.0063,3.2667,1.7684
33,50,0.2,1.2/1.5,70,1500,800,980,-0.0606,-0.0711,-0.0846,3.3352,2.1141,0.8545
33,50,0.5,1.2/1.5,28,2000,500,800,-0.1378,-0.0946,-0.0981,5.7573,2.4633,1.6874
33,50,0.2,1.2/1.5,70,200,900,900,-0.077,-0.0515,-0.0375,2.7044,3.1836,1.933
33,100,0.2,1.2/1.5,28,1000,950,1000,-0.1985,-0.1483,-0.1675,6.5219,3.0793,1.6311
11,50,0.2,1.2/1.5,33,900,800,500,-0.0784,-0.0389,-0.0421,6.6263,0.9554,0.4321
11,50,0.2,1.2/1.5,33,2000,900,550,-0.0317,-0.0396,-0.0262,6.1082,1.2525,-0.3452
33,100,0.2,1.2/1.5,40,1500,550,700,-0.1526,-0.1001,-0.0758,1.6443,1.6986,2.2234
11,50,0.2,1.2/1.5,70,200,1000,1000,-0.1187,-0.0677,-0.0674,6.8783,2.4922,2.3577
33,50,0.2,1.2/1.5,30,2000,700,200,-0.0628,-0.045,-0.0511,0.2586,-0.2356,0.4376
33,50,0.5,1.2/1.5,33,2000,1000,800,-0.0753,-0.104,-0.1184,1.9935,2.1004,2.1655
11,50,0.2,1.2/1.5,70,900,550,750,-0.1129,-0.0788,-0.0602,6.4771,2.2299,2.2345
11,50,0.5,1.2/1.5,28,2000,800,700,-0.1675,-0.1055,-0.0865,11.6619,4.8643,3.2634
33,50,0.2,1.2/1.5,70,1000,550,700,-0.0837,-0.0528,-0.0598,2.2486,2.6161,1.6855
33,100,0.5,1.2/1.5,28,1000,950,980,-0.2548,-0.1688,-0.1572,8.0827,5.0796,3.765
33,50,0.2,1.2/1.5,30,900,800,700,-0.0372,-0.0517,-0.0431,0.1846,-0.0085,-1.0849
33,50,0.2,1.2/1.5,30,2000,1000,200,-0.0924,-0.0603,-0.0591,0.0361,0.1939,0.5532
33,50,0.5,1.2/1.5,33,200,950,1000,-0.1835,-0.1368,-0.115,1.6949,2.2775,1.4186
11,50,0.2,1.2/1.5,44,1500,750,800,-0.0918,-0.0549,-0.0488,6.3953,0.8632,0.0061
11,50,0.2,1.2/1.5,70,900,550,500,-0.0767,-0.0605,-0.0606,7.0921,3.1192,1.6614
33,50,0.2,1.2/1.5,38,200,950,980,-0.1432,-0.0881,-0.1115,-0.3037,0.1394,-1.1159
33,50,0.2,1.2/1.5,70,1100,700,200,-0.07,-0.0463,-0.0206,0.2469,0.3693,-0.5113
33,100,0.2,1.2/1.5,30,200,900,1000,-0.1958,-0.1463,-0.1153,3.7387,1.9698,1.4241
33,100,0.2,1.2/1.5,70,2000,500,900,-0.1527,-0.1181,-0.1266,3.549,3.1736,2.0051
33,50,0.2,1.2/1.5,40,200,750,550,-0.0503,-0.041,-0.0377,0.8849,-0.5032,0.3748
33,50,0.5,1.2/1.5,70,200,1000,500,-0.1182,-0.1105,-0.1071,3.0899,2.9554,2.2337
33,50,0.2,1.2/1.5,70,900,700,550,-0.1031,-0.0654,-0.0371,1.4808,2.0536,2.1237
11,50,0.2,1.2/1.5,44,200,700,500,-0.0612,-0.0422,-0.0371,6.2418,0.6165,0.3293
33,100,0.2,1.2/1.5,38,900,550,980,-0.1804,-0.1097,-0.1174,1.5419,2.0495,1.9264
33,50,0.2,1.2/1.5,70,2000,900,700,-0.1339,-0.0856,-0.0208,3.5555,2.5489,1.8661
33,100,0.2,1.2/1.5,33,1100,550,200,-0.1723,-0.1057,-0.0841,2.1684,1.8418,2.2447
33,100,0.2,1.2/1.5,70,2000,900,900,-0.1391,-0.1242,-0.0952,3.2588,2.1132,2.5783
33,100,0.2,1.2/1.5,28,900,950,980,-0.2019,-0.1325,-0.1548,6.8412,2.9546,1.8128
11,50,0.2,1.2/1.5,40,2000,800,750,-0.0486,-0.0283,-0.0305,4.6755,0.5442,-0.3977
33,50,0.2,1.2/1.5,70,1500,550,500,-0.0782,-0.0389,-0.0249,2.9436,1.5969,2.4685
11,50,0.5,1.2/1.5,70,1100,550,200,-0.1111,-0.0865,-0.0997,6.6708,2.8958,1.9193
11,100,0.2,1.2/1.5,70,900,750,900,-0.2015,-0.1292,-0.1006,6.5737,4.4981,2.9697
33,50,0.2,1.2/1.5,70,900,550,800,-0.0909,-0.0469,-0.0303,3.2584,1.2553,0.956
33,50,0.2,1.2/1.5,70,200,500,750,-0.0719,-0.092,-0.0568,1.9334,2.4347,1.5069
33,50,0.5,1.2/1.5,33,2000,700,1000,-0.1317,-0.1143,-0.118,1.8761,1.662,2.9077
11,50,0.5,1.2/1.5,70,1100,750,900,-0.1212,-0.1055,-0.0876,7.2204,3.7929,2.9168
33,50,0.2,1.2/1.5,70,1500,500,980,-0.0793,-0.0747,-0.064,2.9988,1.0927,2.4351
33,50,0.2,1.2/1.5,70,1500,900,900,-0.0943,-0.0577,-0.0413,2.0096,2.0005,2.1136
33,50,0.2,1.2/1.5,28,2000,900,980,-0.1217,-0.1087,-0.1279,5.2726,0.7868,-0.8835
33,50,0.2,1.2/1.5,70,1000,800,750,-0.0598,-0.0763,-0.0421,2.9336,2.5972,0.9743
33,50,0.2,1.2/1.5,70,900,700,800,-0.0712,-0.0494,-0.0512,3.781,2.6511,1.2241
33,50,0.5,1.2/1.5,28,900,1000,980,-0.1802,-0.147,-0.1565,5.0792,2.4829,2.1322
33,50,0.2,1.2/1.5,70,900,750,900,-0.0895,-0.0701,-0.0436,3.8361,1.9787,0.9738
33,50,0.2,1.2/1.5,70,200,550,980,-0.0596,-0.0631,-0.054,2.83,1.492,1.5904
33,100,0.2,1.2/1.5,70,1500,1000,750,-0.1771,-0.1428,-0.1254,2.1121,2.3016,1.679
33,50,0.2,1.2/1.5,70,2000,750,700,-0.0759,-0.0667,-0.029,3.2027,1.7943,2.0121
33,100,0.2,1.2/1.5,70,900,550,980,-0.1234,-0.1236,-0.1296,2.4945,1.7363,2.286
33,50,0.2,1.2/1.5,70,1100,1000,800,-0.0729,-0.0641,-0.056,2.6893,1.4845,0.9679
11,100,0.2,1.2/1.5,28,1500,800,750,-0.2448,-0.123,-0.1125,11.2326,5.365,2.7199
33,50,0.5,1.2/1.5,70,1500,750,550,-0.074,-0.1038,-0.0869,3.8473,3.0204,2.6786
33,50,0.2,1.2/1.5,40,200,500,700,-0.0571,-0.0552,-0.0539,-1.3406,-0.2964,-1.0002
33,50,0.2,1.2/1.5,33,200,800,900,-0.023,-0.0351,-0.0065,0.5282,-0.3112,-0.0919
11,50,0.2,1.2/1.5,70,1500,950,980,-0.1397,-0.0873,-0.0881,7.6291,3.109,2.4467
33,50,0.5,1.2/1.5,44,1000,750,700,-0.132,-0.1117,-0.1323,0.2409,1.6487,2.2485
33,50,0.2,1.2/1.5,28,200,700,980,-0.1095,-0.0737,-0.0984,4.9184,1.113,-0.3734
33,50,0.2,1.2/1.5,70,1000,950,500,-0.0821,-0.0708,-0.0647,3.1848,1.8129,1.3553
11,50,0.2,1.2/1.5,33,200,800,900,-0.0424,-0.0226,-0.0361,5.9239,2.0596,0.583
33,50,0.2,1.2/1.5,33,200,700,750,-0.0451,-0.0226,-0.0443,1.3875,-0.1166,-0.6203
33,100,0.5,1.2/1.5,70,1500,1000,980,-0.1897,-0.1657,-0.1644,3.2916,2.68,2.3074
33,50,0.2,1.2/1.5,70,1000,950,750,-0.0877,-0.0771,-0.0771,2.8349,1.1967,1.3976
33,50,0.2,1.2/1.5,33,1500,900,750,-0.0604,-0.0406,-0.0183,0.6967,-0.689,0.1293
33,50,0.5,1.2/1.5,70,200,950,900,-0.1329,-0.1144,-0.0867,3.667,2.2133,1.3934
33,100,0.2,1.2/1.5,30,1000,700,750,-0.1385,-0.1387,-0.1096,1.3174,1.2972,2.442
33,50,0.5,1.2/1.5,38,1000,900,500,-0.1367,-0.1033,-0.0768,2.1872,2.9153,2.4005
33,50,0.2,1.2/1.5,33,2000,900,980,-0.1008,-0.1051,-0.0959,-0.4375,0.5441,-0.2606
33,50,0.2,1.2/1.5,70,900,900,900,-0.089,-0.049,-0.0541,2.851,1.7724,0.6036
33,50,0.2,1.2/1.5,30,900,500,700,-0.0639,-0.0317,-0.0651,-0.0678,-1.0329,-1.6722
33,50,0.2,1.2/1.5,28,200,1000,500,-0.0898,-0.0533,-0.0761,5.194,1.2406,0.1777
11,50,0.2,1.2/1.5,70,200,1000,800,-0.0932,-0.0359,-0.0727,7.136,2.2268,1.0681
33,100,0.5,1.2/1.5,28,1100,1000,900,-0.2388,-0.1919,-0.1404,8.3837,5.1526,4.7575
33,50,0.2,1.2/1.5,30,2000,900,750,-0.0419,-0.0571,-0.0803,-0.8843,0.0826,-0.5697
33,50,0.5,1.2/1.5,40,1100,800,1000,-0.1466,-0.1141,-0.0883,0.6084,2.6335,2.0835
33,50,0.2,1.2/1.5,44,900,950,800,-0.073,-0.0764,-0.0817,-0.3523,-1.0685,-0.086
11,50,0.2,1.2/1.5,70,900,1000,700,-0.1054,-0.0576,-0.0694,7.2343,3.466,1.4451
33,100,0.2,1.2/1.5,70,200,950,500,-0.146,-0.0964,-0.1157,3.8166,2.0339,2.2464
33,50,0.2,1.2/1.5,33,1000,1000,500,-0.1066,-0.0843,-0.0412,-0.2983,0.5101,-0.0214
33,50,0.5,1.2/1.5,70,200,550,700,-0.1217,-0.1031,-0.0821,2.8054,3.0894,2.1697
33,50,0.2,1.2/1.5,28,1000,950,550,-0.0758,-0.0699,-0.0699,4.5831,1.4605,0.5868
33,50,0.2,1.2/1.5,33,1100,950,700,-0.0571,-0.0541,-0.0604,-0.2233,0.6582,-0.0626
33,50,0.5,1.2/1.5,44,900,900,750,-0.1518,-0.0979,-0.109,2.2209,1.9829,1.3732
33,50,0.2,1.2/1.5,70,1000,700,700,-0.1024,-0.0924,-0.0576,2.063,2.5738,2.2929
33,100,0.5,1.2/1.5,70,900,550,900,-0.156,-0.1693,-0.1683,3.7829,2.692,3.4269
11,50,0.2,1.2/1.5,28,2000,550,750,-0.0907,-0.0351,-0.0593,9.3996,1.9142,-0.0044
11,50,0.2,1.2/1.5,70,1500,700,1000,-0.0771,-0.0641,-0.062,6.8108,2.4543,1.8007
33,100,0.5,1.2/1.5,40,1100,950,200,-0.2453,-0.1553,-0.128,3.4351,4.8582,3.7858
33,50,0.2,1.2/1.5,40,1100,1000,1000,-0.0841,-0.0668,-0.0828,-0.8598,-0.1346,-0.2262
11,50,0.2,1.2/1.5,70,1500,550,500,-0.0699,-0.0636,-0.0342,5.7834,3.6254,1.9401
11,100,0.2,1.2/1.5,70,2000,950,800,-0.1948,-0.1032,-0.1223,6.5024,4.3436,4.157
11,100,0.2,1.2/1.5,30,900,750,1000,-0.232,-0.1322,-0.1085,6.3928,3.1765,3.1059
33,50,0.2,1.2/1.5,70,1000,950,900,-0.0816,-0.087,-0.0812,2.2817,2.1176,1.52
33,50,0.2,1.2/1.5,70,1000,900,200,-0.0884,-0.051,0.0003,0.3706,0.0303,0.1059
33,50,0.2,1.2/1.5,38,2000,500,200,-0.0632,-0.0316,-0.0256,0.6096,0.0537,0.4049
11,100,0.2,1.2/1.5,44,900,700,750,-0.2034,-0.117,-0.1178,7.1437,4.5901,2.5458
33,100,0.2,1.2/1.5,33,200,950,1000,-0.1637,-0.1429,-0.1467,3.0427,1.6603,1.9992
33,50,0.2,1.2/1.5,28,200,800,750,-0.0379,-0.0326,-0.0563,4.2146,0.9015,-0.3381
33,50,0.5,1.2/1.5,33,900,800,900,-0.0768,-0.0888,-0.0929,1.4327,1.772,1.1639
33,50,0.2,1.2/1.5,70,1100,500,750,-0.0627,-0.0822,-0.0251,3.1797,1.4518,1.3653
33,50,0.2,1.2/1.5,70,1000,750,800,-0.1073,-0.0682,-0.0411,3.3533,2.0432,1.9598
33,50,0.2,1.2/1.5,40,1000,500,750,-0.0838,-0.0416,-0.0763,-0.7662,-1.92,-1.9828
33,100,0.5,1.2/1.5,38,1000,750,750,-0.2416,-0.1776,-0.1473,3.8712,4.2553,4.2953
33,100,0.5,1.2/1.5,28,2000,1000,700,-0.2517,-0.1692,-0.1546,7.8699,6.2171,4.3827
11,100,0.2,1.2/1.5,33,2000,950,900,-0.2069,-0.1138,-0.1173,6.9443,4.8232,3.4122
33,50,0.5,1.2/1.5,70,1500,900,900,-0.1346,-0.0832,-0.0918,3.6669,2.3447,2.3944
33,100,0.2,1.2/1.5,28,2000,750,700,-0.1874,-0.1195,-0.1176,6.0512,4.1534,1.789
33,50,0.2,1.2/1.5,70,200,750,500,-0.0335,-0.0358,-0.0351,3.3871,1.6368,1.788
33,50,0.2,1.2/1.5,70,2000,700,550,-0.0738,-0.0773,-0.0459,4.1188,2.3023,2.2253
33,100,0.2,1.2/1.5,70,1000,550,700,-0.1635,-0.1086,-0.1016,2.7663,2.7924,2.2096
33,100,0.2,1.2/1.5,28,200,950,800,-0.1443,-0.1185,-0.0858,5.9056,2.6586,1.9889
33,100,0.2,1.2/1.5,70,1500,750,500,-0.19,-0.1266,-0.0982,3.8063,2.5169,2.3278
11,50,0.2,1.2/1.5,28,2000,700,1000,-0.0555,-0.0923,-0.0853,10.5667,2.9873,-1.4895
33,50,0.2,1.2/1.5,38,200,700,980,-0.0822,-0.0453,-0.077,-0.1328,-0.7777,-0.3658
33,50,0.5,1.2/1.5,28,1500,950,750,-0.137,-0.1207,-0.1353,4.8742,3.8174,2.0049
33,50,0.5,1.2/1.5,70,2000,1000,500,-0.1089,-0.093,-0.1064,3.8935,2.7453,2.826
33,50,0.2,1.2/1.5,70,1500,1000,500,-0.106,-0.0644,-0.0477,3.375,2.1915,1.0029
11,50,0.2,1.2/1.5,28,1500,800,980,-0.0709,-0.1076,-0.1258,11.4075,2.6469,-0.2782
11,50,0.2,1.2/1.5,70,1000,550,800,-0.0921,-0.0453,-0.0547,7.5512,3.2535,2.2514
11,50,0.2,1.2/1.5,70,900,950,750,-0.1172,-0.0813,-0.0566,6.6983,3.119,1.5698
33,50,0.2,1.2/1.5,28,200,1000,500,-0.0602,-0.0759,-0.0614,4.6293,1.1301,0.609
